id,maniqa_score
eAxkXjgy3G.jpg,0.4985546588897705
qZuoaLTWlB.jpeg,0.48758087158203123
Ri2xtTtCl0.jpeg,0.49552335739135744
lVsKZNKAz8.png,0.3425305366516113
rjrvTPJU3I.jpeg,0.6123476982116699
zlskYihnhe.png,0.3301727771759033
YNtRBheVoQ.jpg,0.510312557220459
R1hy2mf67S.jpeg,0.3997806072235107
PxvUp9NTCm.jpeg,0.4009528636932373
L8hTvELTRU.jpg,0.6184670448303222
s55Ui6sheX.jpeg,0.6328499794006348
DdghPHi5I7.jpg,0.5934809684753418
EYATb5nQmN.jpg,0.5386151313781739
r7VWCCeGDC.jpeg,0.4840752601623535
ofexiCPTVr.jpg,0.5255980491638184
9Yp2aU54hi.jpeg,0.6776095390319824
12jVWDxzIa.jpeg,0.6508854866027832
JrwBVuoaAl.jpeg,0.5723780632019043
l0xpKY1T0C.jpg,0.6185462474822998
NPX92Sw9pg.jpeg,0.34867491722106936
FTw92FA8v2.jpg,0.24124128818511964
RdYDVBxwvq.jpeg,0.4527425765991211
qf8m3BpZ1D.jpeg,0.5962594032287598
jVPNzHH0Mi.jpeg,0.6499182224273682
dXDwmTFO5A.jpeg,0.451985502243042
dKztxnzSe8.jpeg,0.3268087863922119
FZJGlq9vca.jpg,0.5823637485504151
MWapNx0vq4.jpg,0.614945650100708
L387jinfLX.png,0.23746724128723146
WVIRQDeOxd.jpg,0.6895394325256348
j5VSJ21Wx0.jpeg,0.5103646278381347
yXwOyCZ4ra.jpg,0.5852639675140381
4AgvOIFLXb.jpg,0.4114443302154541
hrWI17YEhx.jpeg,0.5015164852142334
hinoiFzIn0.jpeg,0.5587989807128906
HhLJ7jjz0L.png,0.16853697299957277
rQ4lAGgFLr.jpeg,0.42566838264465334
tKthGvKmQE.jpeg,0.5440804481506347
FuVXGliqg1.png,0.31789650917053225
otmayj0arQ.jpg,0.5313319206237793
HTY0RYMVxz.jpeg,0.5081757068634033
irXtIZPnTX.jpeg,0.389711856842041
5WU9zzvTQA.png,0.20255002975463868
66ZTFIsZeg.png,0.4647167205810547
qfPjoawQQt.jpeg,0.5633438110351563
cCLa4CSChV.jpg,0.36534547805786133
wawVNR4oem.png,0.2514962196350098
up31h8HYKk.png,0.19395629167556763
XDT71Ehjua.jpg,0.4131465911865234
5lo0X2BxVs.jpg,0.6308444023132325
XfaefzUunK.jpg,0.5828130722045899
2NgC4tf6eo.png,0.2771751403808594
WWMrhhP8GG.jpg,0.5876483917236328
tgC44SAhoh.jpg,0.6764214992523193
ieoJ3UoPFc.jpeg,0.5000972270965576
7AxQLtt6Ow.jpg,0.6532445907592773
D1o0PBS4ox.png,0.36783838272094727
taY8zYm1Vw.jpg,0.6522683143615723
ke4NU81d70.jpg,0.3010003089904785
Evdusx0Cel.png,0.16124557256698607
01SPjdJuM4.jpg,0.26112396717071534
dqJ88mu8Ej.jpg,0.6429984092712402
YylDFQDS2Z.jpg,0.592496919631958
l5j77H6VTz.jpg,0.5571689128875732
9dI7E0YTJE.jpeg,0.3652885913848877
crQtHWgFUr.png,0.4141834259033203
IZqYo37Cgn.jpeg,0.5046734809875488
YC74CENUBg.png,0.27675690650939944
v69Xk6ipWU.png,0.32531280517578126
dF53CJ3grq.jpg,0.5220071315765381
sfsxuCTDed.jpeg,0.47220573425292967
1zsg805kTT.jpg,0.6113508224487305
6NuC0ZS5fq.jpg,0.48800811767578123
UjFlMCLHzc.png,0.27777862548828125
AFmRTYidLu.jpeg,0.655046033859253
K4Up1TZUzr.jpeg,0.47640581130981446
NsbaZWRe1Y.jpg,0.3578909397125244
Q3xpiqZmQH.jpeg,0.5085023403167724
r6EexRbni0.jpeg,0.4587130546569824
UyatX5fY4Z.jpg,0.36014931201934813
WJIoWKfHPe.jpg,0.6357807159423828
5gCiAjww21.jpg,0.485399055480957
L4zcFLLzpO.jpg,0.6798536300659179
nkdvHPFagq.jpg,0.6459068775177002
ZNIPP4xfqx.jpg,0.4652589797973633
QKNFL7kqUz.png,0.19861148595809935
hQ1Jtw7tyJ.jpeg,0.6492631912231446
BAj8dy1wUJ.jpeg,0.48868331909179685
Oh3wLH8WlE.jpeg,0.4395951271057129
jBytvvEIoy.png,0.3048247337341309
ds00icXk4Y.jpeg,0.7197926998138428
Up2jZT6q5q.jpg,0.5874823570251465
9KNsL3qq01.jpeg,0.6459846496582031
1QLriRRVHa.jpeg,0.47054853439331057
grBNDbA0Lf.png,0.18759374618530272
wtLU8hoAz4.jpeg,0.42453832626342775
fFuzHgZXoU.jpeg,0.4314356803894043
GwBuLBZ4qz.jpg,0.6132753849029541
YcfAB7kP6i.jpg,0.5338591575622559
m7fwe0t23b.png,0.3189751863479614
ADTR05dx8q.jpeg,0.5232985973358154
2AVArjK8qq.jpg,0.6064125061035156
P4mY8XMKem.png,0.20792193412780763
VRqeuVUT07.jpg,0.5600664138793945
cwgRiMhQv4.jpg,0.5535401344299317
Bp4gFQm9BU.png,0.3745194673538208
y3KB4fT9gI.jpg,0.2504100799560547
2WMWt6CAWQ.jpg,0.30250208377838134
81fYSCX8aA.jpeg,0.5465375423431397
vGooQo9s0q.jpeg,0.4649538516998291
Tx0WnQyjUs.png,0.31285743713378905
LtlVFBRtAg.jpg,0.580305814743042
hLe26j2sFh.jpeg,0.5543437957763672
bhkzl42F3N.jpeg,0.4666085720062256
NOCwP1eEf0.png,0.25037689208984376
IP3Bg8LLWW.png,0.15291097164154052
wAHTpojx09.jpg,0.7027535438537598
oMATcRYDa8.jpg,0.6690944194793701
zYYEnUERZG.jpg,0.5385114669799804
peGweiJb06.jpeg,0.46210541725158694
fmfARPFL4d.png,0.2569870471954346
8hDLOsyy0A.jpeg,0.6377297878265381
VDz8gpRzJh.png,0.2948350429534912
Ox7910IVKj.jpeg,0.5815316677093506
jMYaoHgFM1.jpeg,0.41667838096618653
6SEizYbnpv.png,0.22007408142089843
2YpxYAiD28.jpg,0.5070690631866455
o94AMI5DsG.jpeg,0.5042556762695313
VNIxFwqAx1.jpg,0.6707935333251953
kW9rKeLrH9.jpg,0.5647999763488769
S5RZQ9BWeH.jpeg,0.5954517364501953
77oTuLYXqv.jpeg,0.39604227542877196
HhKYUUrQoQ.jpeg,0.4000268459320068
J9FQcKddQs.jpeg,0.44718303680419924
YAVOMKEZxo.jpg,0.5913472652435303
SZEtwSyzxA.jpg,0.6412841320037842
AgYbJwCtzX.jpeg,0.3291607141494751
ZzMdhgsWr6.jpg,0.5757421493530274
8YHODZEtR2.jpeg,0.6004895210266114
1Q2t43zBFt.jpeg,0.38408718109130857
jULc836c7l.jpeg,0.4032880783081055
UZ6zpNjReq.png,0.2565467119216919
c4955Eb5HC.jpeg,0.5195240020751953
hQ44uMNjUv.png,0.25560998916625977
hLsK7eZx6y.jpeg,0.701677656173706
w6ZbSXlW6m.jpg,0.5718968391418457
0IE6GFg13M.jpg,0.500058364868164
r8D4xfKWw1.jpeg,0.45488367080688474
FAAsaOPlL4.jpg,0.5168273448944092
neyZHm8fLU.png,0.31108238697052004
0gbbtcW2lP.jpg,0.4802219867706299
dhD3s1acTB.jpg,0.5435517787933349
GrPinnU3x8.jpg,0.5354619026184082
NsTS1RiPsL.jpg,0.5571941375732422
xbVqCq4mqB.jpg,0.4783012390136719
xJQOAtji6D.jpg,0.5079341411590577
f0wV29dsKs.jpg,0.6496815204620361
o1SKe3qWNM.jpeg,0.4473362922668457
4kesnMUTLU.png,0.32496299743652346
ijLTtWNXDD.jpeg,0.3663399934768677
ZndZX7r4PF.jpeg,0.4534786224365234
FASK8TSKki.jpg,0.5089106082916259
evWFIBteCG.png,0.2096874713897705
8iV3hx6XAj.jpeg,0.5571272850036622
FE7c5H2MUy.png,0.26973977088928225
dPa8MynHF8.jpg,0.6414875984191895
ZJu8wbxVYr.jpeg,0.4443528652191162
qf7BQJygqc.jpeg,0.607779598236084
qbUFeIpFz1.jpeg,0.5829490184783935
ZurgHMoqmt.jpg,0.34230456352233884
ZoV6leWOJ5.jpeg,0.49692573547363283
BliPI1bD2E.jpeg,0.5301217079162598
9hEvvkphC0.jpeg,0.5891936779022217
4J78we7DXs.jpg,0.46086483001708983
FwT2xNHKUS.jpg,0.41733689308166505
LncJmAZWIV.jpg,0.523678970336914
xIhNw9dAFN.jpg,0.5307666778564453
lof4NbwZ27.jpg,0.45971145629882815
ooOGIvSdYG.jpg,0.5466059684753418
vJrycOePez.jpg,0.6105730056762695
F8v6kfpw2w.jpg,0.4255074024200439
3c6hD5l7v5.jpg,0.6722854614257813
fwGN0ZHrJq.png,0.264374303817749
MQTylKZBs3.jpg,0.5411223888397216
HgGotgQ2fn.png,0.25865607261657714
zF1WvzT4eI.jpeg,0.6919819831848144
1OgCiZOms8.jpg,0.6539992332458496
WSRN7leXVe.jpg,0.4803009033203125
tWGnZufeV2.png,0.32808167934417726
Q5bVZpuyMU.jpeg,0.5870038986206054
6gDzgHnfEr.jpg,0.6901759147644043
Ta1gMZVOCU.jpg,0.46883449554443357
aJ0VSzX2A7.png,0.3000267505645752
o0aDQrUcUT.jpeg,0.5533205032348633
9K1GjYS1qh.jpeg,0.6224841117858887
cBKqDeXCYK.png,0.32129435539245604
ixaZ1KSK65.png,0.24369325637817382
DbPIYLUK4g.png,0.27110068798065184
rH9DrveZ5I.jpeg,0.4429502487182617
xEz6cKegdc.jpg,0.6832159996032715
bhnTmkIupz.png,0.233231258392334
p5U6ftXabf.jpeg,0.5616663932800293
fZK9zAbwaf.jpeg,0.49494071006774903
nRmQTccWX9.jpg,0.5716615200042725
mTCIFgXFau.jpeg,0.41120471954345705
YHuyPrD9BZ.jpg,0.5045217990875244
6gRgOClQ4I.jpg,0.4261954307556152
ojabW4V4cU.jpg,0.7285882949829101
URlSmSYlJK.jpg,0.4839874267578125
Oh2L5PhdJe.jpeg,0.42947826385498045
uHdqGUqmpy.png,0.18809332847595214
eQBdpYbMBf.jpg,0.6519943714141846
0SSwUAl04C.png,0.3137016296386719
sRHyraeIRW.jpg,0.6088389873504638
l0PIc3zi5m.jpg,0.20034708976745605
ufRMShYCAN.png,0.24959008693695067
zYXTb2N8ng.jpg,0.7026054382324218
nUWmQN065l.jpg,0.5755515098571777
7UkQ9eS1z3.jpeg,0.6033634185791016
WLDMahUSNv.jpeg,0.38025918006896975
SCWkXc3uv5.jpeg,0.5468170166015625
MYFfhV24FA.jpeg,0.5115784645080567
grytDsUbVt.jpg,0.5440321922302246
WoS4Ne6GxE.jpg,0.5184861660003662
vTzdG1nRc9.jpg,0.5986714839935303
EvVWUnSGYM.jpg,0.5622740745544433
xv8p3AF6xY.jpg,0.4889007568359375
XkTlI8pHAf.jpg,0.6338504791259766
3CvCoUyi46.jpeg,0.4406428813934326
nCnUACoyVb.jpg,0.5338881492614747
6zRyBCHrY9.jpg,0.5915050506591797
JAAbX2Wnps.png,0.21703875064849854
ofiniSvJgd.png,0.26742238998413087
On7rk04wae.jpg,0.5127429485321044
cYRd8kbFdB.jpg,0.5162198066711425
725wI9d34f.png,0.25135250091552735
UR7bPX0LOu.jpg,0.418120002746582
Di2YIrn7By.jpg,0.5837839126586915
ezWE0A1Xav.jpeg,0.4619154453277588
TN2ZOiNI5e.jpg,0.532158088684082
XMgZwLRrT0.jpg,0.49634838104248047
nHZeXabOJ8.jpeg,0.39084591865539553
Pir1XuSG5O.png,0.362715482711792
DwcuG33Ss5.jpg,0.27745881080627444
b9CdNURYTU.jpeg,0.4505760192871094
HXKXONqX6P.png,0.31316938400268557
IWVpYha3Hb.jpeg,0.4663869857788086
fsUQ3bxpaa.jpg,0.5730070114135742
4M57bqn74c.png,0.23992061614990234
AJhvxUoo2W.jpeg,0.4692359447479248
LvZh7WPtze.png,0.21624555587768554
bhfiAm6e1y.jpeg,0.5613061904907226
NfPOGkITBj.jpg,0.5581512451171875
oVFKVMRAAF.jpeg,0.2773919105529785
20kFo0P1BQ.png,0.20909242630004882
wIGgZdCDq5.png,0.3819439888000488
OZdL3rtZ5h.jpeg,0.3611307621002197
pxG46UbOAm.jpg,0.38216803073883054
PLNFvDoGCP.jpg,0.7180391788482666
wgTo1DUCf6.jpg,0.457826042175293
7b5P7M7xNH.jpg,0.6920071601867676
je3wdfauvz.jpeg,0.7325382232666016
4Xe16xWESW.jpg,0.6895050525665283
Lm8FVWo7zY.jpeg,0.39239308834075926
jV0E6SZMRM.jpeg,0.5758610248565674
mf4ZrocvtE.jpg,0.5969602584838867
k9vN4PTMEP.jpeg,0.5835158348083496
VIk9kzAXfq.jpg,0.4296231269836426
uqJzRnUDUR.jpeg,0.5525861740112304
OY3eYcMkVd.png,0.24307518005371093
eZj3X9msL8.jpg,0.6238024711608887
h35NO3HpVF.jpg,0.5746894836425781
vfsjoHzyPZ.jpg,0.5924442291259766
j5UB3aadV5.jpeg,0.5886690139770507
edjC1MfSN3.png,0.28200268745422363
WjuPTzpJpu.png,0.25391082763671874
O0g5Ndd49N.jpg,0.6295796394348144
IADvIOGZtv.jpeg,0.3361546516418457
Rd69o4ssKn.png,0.29844954013824465
TyJolFVTEp.jpg,0.5841615200042725
rXexUH9dCM.jpeg,0.5676044464111328
VMRK86MsxW.jpg,0.44850692749023435
oQQR8GD9Jo.png,0.287087082862854
Nr7zyMgpm1.jpg,0.6512531757354736
H37EPbVtv9.jpg,0.5651752471923828
8vt6B4GpXL.jpeg,0.6708017349243164
eKsy6tieJT.jpg,0.48919010162353516
Lwzmy6qhJb.jpeg,0.3523721218109131
3799mntej2.png,0.3827393054962158
eiS6n5TjLe.png,0.4096988677978516
9gDL4WuhiP.png,0.294767427444458
Ck48X4GgT6.jpeg,0.4111801624298096
91Ds3oaoqd.png,0.3232254981994629
giIA8ON3xD.jpg,0.6599297523498535
Re69C5wIs7.jpg,0.5889911651611328
PHS0lHivln.jpg,0.6168319702148437
Bz9B9jORec.jpeg,0.3684290647506714
eh5TikQuUC.jpg,0.6612447738647461
FUnsyyefvB.jpg,0.6811174869537353
paHNCd2c4H.jpeg,0.5709959030151367
zzOWcilH1B.jpg,0.5256839275360108
LxWQuoeNH5.jpeg,0.595990514755249
pv1NcwlS2f.png,0.2501626968383789
ilN2I566Wc.png,0.2581747055053711
c67ESDTplH.jpeg,0.33322768211364745
MUqhLEI2B3.png,0.20563263893127443
OVv4JytFCF.jpeg,0.3772496461868286
goV7r5mpeL.jpg,0.5721356868743896
IUW5tpB0W9.jpeg,0.5060142517089844
xcYKRbOrYE.jpg,0.5919978141784668
m9GlU31a6C.jpg,0.6415053367614746
S2IDEM3a2Z.jpeg,0.5151759147644043
JcPcU6LY2b.jpeg,0.5785958766937256
dc9pKfvjbO.jpg,0.7311039447784424
0bAvf1FcUP.jpeg,0.5054284572601319
GUYfE6VcV9.jpg,0.2631749868392944
CTSKxO4X9t.jpg,0.40952415466308595
aY5z1EJsJ6.jpeg,0.49144892692565917
PIEjjgQrr7.jpg,0.6195388793945312
1moHNtvo2X.jpg,0.3048539638519287
tUovjFM2vn.jpeg,0.4987305164337158
fipytQUUPt.jpg,0.6695670127868653
tpZbMox9oy.jpg,0.5885463237762452
RGqtcrfndS.jpg,0.6508184432983398
0yJSxuIRUz.jpg,0.5972428321838379
kBMVJOX2qK.png,0.3131587982177734
HOPKFDohq6.png,0.1602519154548645
gR44INRzCL.jpg,0.4232779502868652
tC4KBp75fu.jpg,0.6355075359344482
lxotXgwg87.jpg,0.6222310543060303
UVkBsY9lF9.jpg,0.5043811798095703
mIVDg2EgiV.jpg,0.5512873649597168
uoM0vrwig0.png,0.30215001106262207
najyKyYdcD.jpg,0.5058306694030762
fsCx46u0Bq.jpg,0.3821831226348877
tb44I4sRV6.jpg,0.3441704988479614
ccjq0w53qV.png,0.35548033714294436
eq1rRpthvi.jpeg,0.598197078704834
x7I3tsIq5c.jpg,0.5711153030395508
aOaWfNcTiu.jpeg,0.6130496025085449
mABqmL54g2.png,0.30253920555114744
Ez8Txn1gPY.jpg,0.7021279335021973
qumCTbQKc5.jpeg,0.5158621788024902
Ma1bdPDg8C.jpeg,0.5123716831207276
0R1JRbHS33.jpeg,0.5348915100097656
u1h2ec23m2.jpg,0.5567201614379883
rpAbckBrV4.jpeg,0.6390052795410156
1vt2wUUltu.jpeg,0.4495539665222168
XzXIEkjV8O.jpg,0.4379894256591797
ygAWRR1vHT.jpeg,0.6668593406677246
VgzrF1e3rJ.jpg,0.679404878616333
zIEiHVrQqr.jpg,0.4411600112915039
dwW8s73vlr.jpg,0.525910472869873
Ge5CPNb8Zh.jpeg,0.41289558410644533
ojsXV9Yui7.jpg,0.48793468475341795
BI0dljMdes.png,0.2467264413833618
RLgvAq0dV6.png,0.2801956653594971
7RN02zxfpW.jpeg,0.4473013401031494
OHdJHQ2mv0.jpg,0.614664888381958
4kFCSwK4qC.jpg,0.63936448097229
JlmVBYwCI0.jpeg,0.44980592727661134
570E66nY4r.jpeg,0.540168285369873
r6mW4i9Ycg.jpeg,0.6182074546813965
NV2OhzjYQg.jpg,0.5424063205718994
nD9czbqX0U.jpg,0.45001797676086425
ryJ6mWBI1x.jpeg,0.6284438133239746
kDv2RX232o.jpg,0.43442516326904296
37dJN143sv.jpeg,0.6295785427093505
v5xBfwxSaM.jpg,0.3122105598449707
2PdbqpDqSf.jpg,0.584194278717041
hC6nC6TUHI.jpg,0.1739053726196289
pjyqkJ0x4X.jpeg,0.603299617767334
6qhEglJCAe.png,0.328888988494873
PiI2Ja3SzB.png,0.3116131067276001
8zuvwIJvKt.jpeg,0.5160179615020752
MPWomZFqNl.jpeg,0.43599720001220704
acS4O0bYkZ.jpeg,0.6035982608795166
JcEPnVZdXG.jpeg,0.450761604309082
uR8Ej5Yw4i.png,0.32073030471801756
EmpscbDzTx.jpg,0.6092238426208496
Y52AxkIcaq.png,0.2596200704574585
JGJrDoO1vV.jpeg,0.5147933959960938
1WXHpfzzMR.png,0.45598831176757815
7q688jrq8M.jpg,0.6325907707214355
47apyfkXUs.png,0.32039709091186525
phBaEIgA3O.jpeg,0.4509004592895508
Hq7BCrTco7.png,0.29074280261993407
r9fgusZxpG.jpeg,0.5224883079528808
0aj2WnLarN.jpg,0.4729321002960205
MBSfkIFIAY.jpg,0.44687957763671876
56k6vQGkoU.jpeg,0.49759616851806643
spjDqEULXK.jpg,0.5047407150268555
pkT2xzMyHd.jpg,0.5932655334472656
N8ByWFfx40.jpeg,0.3235641956329346
T0629OnEXa.jpg,0.5164884567260742
9AHnBH6vgj.jpeg,0.5198415756225586
mMtnFWnHqV.png,0.21691529750823973
s8iAuIFmLY.png,0.31242148876190184
o5fPB8HvlT.jpg,0.6068665504455566
10Slzb9e4j.png,0.16486883163452148
zqPOby7BhY.jpg,0.6258963584899903
K8GQYIaW8H.png,0.4593013286590576
7dBpO21kDC.jpeg,0.40300211906433103
LXV7ZxkS4P.jpeg,0.44025230407714844
ZSRLIHuhsH.png,0.35907821655273436
0kX8W174U6.png,0.24167068004608155
vWs15HdWqy.jpg,0.5662618637084961
P1B0b8CIF5.jpeg,0.3182187557220459
a2N0EER3Ah.jpeg,0.5612798213958741
5Iy7sU1pwC.jpg,0.612956428527832
gQiLfIOa22.jpg,0.638526439666748
FXi7ZuLayj.png,0.27270045280456545
ukeK5xjR71.jpg,0.600842809677124
IAEfocxIyV.jpeg,0.44525718688964844
e5iSJZXKyZ.jpg,0.5684876918792725
LYAnTpaNCX.jpg,0.5907365322113037
Pn5wWrTBAk.jpg,0.6019254207611084
tfCkEXFi4A.png,0.38514394760131837
XfoWNuS5h1.jpg,0.5631394386291504
QQNeJQgViQ.png,0.393676233291626
Ge321Wnwfp.jpg,0.5399966239929199
wkUiWhqJyO.jpg,0.5576934814453125
qCQKFpu5Kr.png,0.2508915901184082
AXYaDpBBKW.png,0.2828953742980957
bdBspZysQP.jpeg,0.4707840919494629
d4zuEuAK29.jpg,0.26776833534240724
3fJDlsTnHO.jpg,0.26842236518859863
4e1W3vSwyN.jpeg,0.640945291519165
z6r1XKXtp9.png,0.22334096431732178
6TDyS6kEN5.png,0.348348331451416
T0SBOgNM8k.jpg,0.6443260669708252
BTS0QVcex2.jpeg,0.5110990524291992
5EzpRPkVAH.jpg,0.5473729133605957
AKTQCtaWi4.png,0.2842016458511353
63NHt5fUHg.jpeg,0.4434807300567627
b66TGf2GJN.jpeg,0.4747594356536865
XDTmOfqATK.jpg,0.49597463607788084
Kd24ZC8sx0.jpeg,0.3900157928466797
8PypsUEJh2.jpeg,0.6112293243408203
eYnEEho0cl.jpeg,0.4896784782409668
9FHMwlDBz1.jpeg,0.348967170715332
F7JOSan6WN.jpg,0.6293082237243652
D3lzcxKp2o.jpg,0.5031051635742188
k5A9ToNBnT.jpeg,0.5452573776245118
l4KmnZ9tnO.jpg,0.573091459274292
fiZ8U0vJvW.jpeg,0.5045600414276123
2qMbgeLRkq.jpg,0.5978316307067871
gL5fWrgNPU.jpg,0.3065664768218994
QaNgQthOAR.jpeg,0.5011110305786133
7mbuYSlfnk.jpg,0.33950765132904054
Bz9RPbGAPC.jpeg,0.35602426528930664
zOxWeKCHjt.jpg,0.34661450386047366
VkuPDBtZ7L.jpg,0.5288084030151368
eBjCVSjX9p.jpg,0.3907772541046143
Q3wFByECeN.jpeg,0.3489834785461426
4369Dl8wfs.jpeg,0.40270652770996096
mpYWoGTsxX.jpeg,0.6248183250427246
c7u8iWbWjB.jpeg,0.642763900756836
LG8G13p0RZ.jpg,0.565259599685669
fqoVycdxLV.png,0.2457437515258789
QhS0oEgYbs.jpeg,0.48012218475341795
int3NlNL5f.jpeg,0.5868999481201171
MrsioquKwE.jpg,0.488050651550293
NPTyBeVkKj.png,0.30230236053466797
M4iETy4TVv.jpg,0.35111632347106936
yuqHi9Efpr.png,0.31697161197662355
yRm8fA6wAk.jpg,0.6613998889923096
hLwkySARL1.jpeg,0.7230790138244629
iVZUU083gm.jpeg,0.5654646873474121
yfe3s8ohsH.jpeg,0.5331409931182861
CdIlJWiX8S.png,0.30138168334960935
9rQKqH9Df3.jpeg,0.6056905746459961
8ROgfsos0n.jpeg,0.4757519721984863
2ICWZYWOAj.jpg,0.6174869537353516
7hYYE7iSad.jpg,0.3520832538604736
ttYqSuIDlX.jpeg,0.5639127731323242
R4fwGxv6J6.jpeg,0.3605659484863281
PVIm8Nqmi3.jpg,0.3314851999282837
fAgib6zS5n.jpg,0.45203609466552735
w6KtQ2UmF6.jpg,0.509458351135254
lPfeFwbdSv.jpeg,0.41802177429199217
8Pkbrtd8RL.jpeg,0.5432120323181152
RHu4DBQbmP.jpeg,0.568882942199707
ANxX0I2VBc.png,0.3567735433578491
oSwoJWkOpW.jpg,0.7433785915374755
yZvDytyDGb.jpeg,0.5556426048278809
K2L87w9Z0j.jpeg,0.37044079303741456
GYY8zKsOeR.jpg,0.5523812770843506
NBjPX9ZMwy.jpg,0.6371479988098144
TPxOOamLkg.jpeg,0.43514552116394045
loj8eP7NHA.jpg,0.644926929473877
VjdNRoLj9s.jpg,0.557386827468872
6vaCYByR7X.jpg,0.5725469589233398
Blh5w8QUqd.jpeg,0.29435362815856936
WVu9iIMd7W.jpg,0.5862887859344482
FqGvdw8oHL.jpg,0.6251289367675781
MZ2twPZR23.jpeg,0.6206480979919433
vSObUkFbeQ.jpg,0.6072491645812989
C2s5gftT40.jpeg,0.4946260929107666
YwU4iTfxo8.jpeg,0.3544736862182617
UIZ0lKSdkU.jpg,0.5709118843078613
h4t2qJl8ZZ.jpg,0.6653958320617676
q5HFUrnjmT.jpeg,0.4618246555328369
Dr83SgH2lg.jpg,0.5313475608825684
yzvnxkrzQr.jpg,0.666480302810669
iPBwz3OUuK.jpeg,0.5003006935119629
pkC1LnBSJU.jpg,0.65791015625
BbnCzR9WmU.jpeg,0.6744676113128663
WIENv6ESah.jpg,0.5026556491851807
0666kmCAAC.jpeg,0.5180968284606934
QQWVXtc402.jpeg,0.5750116348266602
N8b9njQlJX.jpg,0.5155164718627929
7hj67V0D5I.jpg,0.6636758804321289
M24CLYh0kB.jpeg,0.3687148571014404
xFloFPgcNV.jpg,0.6841385841369629
glpxwjSnFy.jpeg,0.4595287322998047
zSKnRLLLa9.jpg,0.42216806411743163
cEpw2tm7LT.png,0.26386451721191406
hHjoWRshoP.jpeg,0.5021988391876221
RbtNqJYsKp.jpeg,0.40552563667297364
Z8V8anpuZg.jpeg,0.5376813888549805
cFHzVWjwaN.jpg,0.6165448665618897
mVLZ3DNBIB.jpg,0.6721061706542969
R4eM0Fan8G.jpeg,0.39492647647857665
ILvSkfykNW.jpeg,0.575331163406372
VtDKOGtgdf.jpg,0.5653539657592773
uumU3KsS5A.jpg,0.4079459190368652
JJvS6dZ3zb.png,0.2607614517211914
dU0Gax8yTS.jpeg,0.4709434509277344
uzUopyAj4L.jpg,0.5722040176391602
JFG7pC4WsS.jpeg,0.5849740028381347
YbtiC2Mq0z.jpg,0.5116739273071289
PfvmwyQh26.jpg,0.38073315620422366
I9w3ySXx05.jpeg,0.5117982387542724
dZ5lpIpnkS.jpg,0.3458512306213379
iaGyKvUvd6.jpeg,0.6074440956115723
bk1fxbggAO.png,0.3002783298492432
pDyrrQvWmY.jpeg,0.6221269607543946
MxFjIcw7JM.jpg,0.4042548179626465
2DyW9FinC8.jpg,0.43567872047424316
ZTVQ9l5B7E.jpeg,0.520572566986084
oIntzlQ3js.jpg,0.7243042469024659
Ojq0H0Wsjy.jpg,0.7030643463134766
q4VC1YTUtZ.png,0.2722193241119385
OQ35cuCZTR.jpg,0.5330924034118653
LPyTEdrGxc.jpg,0.5459724426269531
qtt7tT2dJb.jpeg,0.42555580139160154
B2l8RFqPhF.jpeg,0.5028635025024414
4qTpSGE9ea.jpeg,0.38253257274627683
wmSnKh8zcp.png,0.31821455955505373
MOdhXn9FTW.jpeg,0.49780979156494143
Esz8vdw7Ln.jpg,0.3994994401931763
x9HSXkhtQI.jpeg,0.563990592956543
mUaIdA2oBP.png,0.3334677696228027
NqKBCusTT7.jpeg,0.41816182136535646
4djFeBIBuV.jpg,0.6057307243347168
b4bfgPwia6.jpeg,0.34557480812072755
UgTUPO6F0W.jpg,0.10481771230697631
xpg1dDlYfm.jpg,0.35645079612731934
CcwpJcVCch.jpg,0.5834445476531982
hjrsJjaw2X.jpeg,0.3966252088546753
8Pg60O6jIi.jpeg,0.43855133056640627
9kDKmUw0QF.jpeg,0.40436015129089353
MnPWc4WvkW.jpg,0.307962703704834
8SbfEKcYZL.jpeg,0.6022868633270264
ab62U0IAV5.png,0.31618704795837405
Fchyh4AyBh.png,0.21053152084350585
iCLFMrFzx5.jpeg,0.5856163978576661
2r4ufNjgq9.jpg,0.5936162948608399
qsp32Jrp4e.png,0.2662217140197754
L8vBwzcXhG.jpg,0.6280457496643066
Prvlqrloe5.jpeg,0.5089035511016846
PCuD0fYTzL.jpeg,0.2824448585510254
V0vydmjPqE.jpg,0.6087945938110352
paJnWARii3.png,0.368616509437561
v1ExpsgjDG.jpeg,0.41337738037109373
YncIKJzlef.jpeg,0.4372758388519287
leaKPe3MTQ.jpeg,0.516287899017334
5Aq3FsM9oY.jpg,0.6074964523315429
u0VGOtTP7m.jpeg,0.4615303039550781
WidO7SI2rb.png,0.24353547096252443
niMGxM8yd0.jpeg,0.45415215492248534
5UEij0fD7M.jpg,0.2826509475708008
1XYrQEuyC2.jpg,0.6786187171936036
FXlrJgugCl.jpeg,0.4333810806274414
dweHB5WD2A.jpg,0.4554733753204346
l9iQJNNUPZ.jpg,0.5716203689575196
6JNGnsK1pf.jpeg,0.44509034156799315
FUFLxDNb5l.jpg,0.5950698852539062
TQJWdgSwe9.jpeg,0.42475161552429197
RVoqYx4fJQ.jpeg,0.4666645050048828
6wVEKOgx5g.jpg,0.31119842529296876
KKWXJDN8uM.png,0.17859392166137694
12BdpI6YhU.jpeg,0.6899979114532471
Qa1eOiaoli.jpg,0.27059507369995117
Bu8beEifqu.jpeg,0.40694389343261717
DO7jQXQESW.jpg,0.6188391208648681
09Egy0VfTa.jpeg,0.3536771535873413
d3RNSxzTU8.png,0.2856636047363281
Be4yYleKvl.jpeg,0.5499746322631835
9cRk7BkfJz.jpeg,0.5603685855865479
wDFR4zzxDn.jpeg,0.5370824813842774
E641XNxbo9.jpeg,0.43424835205078127
soneDMrjUX.jpeg,0.4482231616973877
iLfMMbTFhI.jpeg,0.517084789276123
DK8BKR8FVw.jpg,0.4604377746582031
qPUj0qz1BT.png,0.31920881271362306
9XR16A0mRX.jpeg,0.49484615325927733
naihyF7uAd.jpg,0.493101167678833
0a1KuiILS4.jpg,0.6531491279602051
raASHjhyzs.jpeg,0.48914370536804197
2NE1j1CPmQ.jpg,0.4757535934448242
sXGndwPuDN.jpg,0.5114171981811524
mRpLgLSR1y.jpg,0.46619672775268556
CKs3UEvhtJ.jpg,0.5500369071960449
zD4n97vJAR.png,0.3084367513656616
Tj2J1aEVHE.jpg,0.5662344932556153
nUZdQxaVq7.png,0.2599226236343384
zzwDJdiirR.jpg,0.5965873718261718
MxXBah5wjv.jpg,0.5949403762817382
9ryYrC6eGj.jpeg,0.6492545127868652
qMHnBrvHss.jpg,0.6727961540222168
9UdFUds6Fe.jpeg,0.18738164901733398
26uRI1HzsF.jpeg,0.4423919677734375
YIgki0FyHJ.jpg,0.6355666160583496
BE45GnGyX0.png,0.39426937103271487
hmNwWBFTEs.jpg,0.6018912315368652
G2XnbQ9OFg.jpg,0.4474325180053711
itCfCmFiX5.jpeg,0.5919938087463379
ApPOr23lzd.png,0.19107358455657958
Yofyv0jWhh.jpg,0.6361208915710449
W1IqPlGjVu.jpg,0.47480459213256837
p1karGBQ3q.jpeg,0.5142939567565918
aKsfVoc5Qo.jpg,0.6860211372375489
hC57WI2b5h.jpg,0.39171764850616453
dwdrVc5Uqa.jpg,0.6683246612548828
I3szcAk71U.jpeg,0.392512583732605
ypBqA2K8M8.jpg,0.6781110763549805
g3QOAfo6TY.jpg,0.6121827125549316
3SzvQ6t05E.jpg,0.4361853122711182
gTEzFTFJgr.jpg,0.4781063079833984
UtXXEkGBnS.jpg,0.5506195068359375
csTNsH0hXt.jpeg,0.4406116485595703
eS63TmKPPg.jpeg,0.41502957344055175
6JZd5lQtWJ.jpg,0.4617438316345215
xccso6L2oU.jpg,0.697222900390625
kVr0ioSRXI.png,0.3501241207122803
MBExjhd7Gb.jpg,0.6244078636169433
CcOHchY1M1.jpg,0.5236458301544189
QCOhbM1OuD.jpeg,0.48831920623779296
CFFl0UqfAi.jpg,0.6470001220703125
0OOMZGDyV8.jpg,0.4885872840881348
FOruNYjiy2.jpeg,0.3182199478149414
Kdh2dpXgzH.jpg,0.5424028396606445
CTBs4Jvx3J.jpg,0.5666657447814941
0fNsR1ONLv.jpg,0.6648946285247803
HiDXQdfmne.jpeg,0.615079402923584
nRN0EqtkTC.jpg,0.5315295219421386
ZgQM6NxSOy.jpg,0.632239294052124
bjOtIg7PxW.jpeg,0.5313275337219239
xl7F1hNI4E.jpg,0.2749917507171631
Z20qjHpxSm.jpg,0.6447341918945313
lQCIBOYJQp.jpg,0.6443353652954101
Lc3kstVpqa.png,0.31887500286102294
iwyEsa6cQX.jpeg,0.6228883743286133
ClFkUNVmMh.jpeg,0.46199979782104494
5BHBr8uQmi.jpg,0.55979323387146
MeJS2IC3AI.jpg,0.5213668346405029
KwvLRYpJhZ.jpg,0.5266610145568847
tp2hAfmf8T.png,0.3397696018218994
hwVr6c9EeW.jpeg,0.599210262298584
yoW9cFUce0.jpeg,0.4817226409912109
zWwkkAVNJp.png,0.3127481937408447
sRGNehnZf2.jpg,0.5917215347290039
nLR26mBEaO.jpg,0.6505971431732178
EQl749H1CE.jpeg,0.4208052158355713
q9t6Rg1lVa.png,0.23657398223876952
lVacX6CajA.jpg,0.5352005958557129
57IlE1lzYI.jpeg,0.5245561599731445
DIs3aCr0LZ.png,0.2544898509979248
Xp6l1pX4im.jpeg,0.4215968608856201
ATbsubzP6f.jpeg,0.4033531188964844
E2QQEUxSV3.png,0.31591367721557617
o95RZ7Wm36.jpeg,0.42189536094665525
8tkPHGRtT8.jpeg,0.4907222270965576
qoYeyfvBqt.jpeg,0.5577579975128174
FnKRzAyJqj.jpg,0.567445945739746
MBvR6aiYYZ.png,0.30823826789855957
YlCdNDMb6z.jpg,0.6260807991027832
DHT36imilD.jpeg,0.470018196105957
HGqWwsGZG7.jpeg,0.5771526336669922
hMiDxXDhle.jpeg,0.5193425178527832
vETyQwAoLo.jpg,0.5681183815002442
yXjmdzSc9k.jpg,0.6241928577423096
bxrwB7MZOe.jpeg,0.3417924404144287
bcgzZgpeBC.jpeg,0.4522897720336914
av9Esikhoz.jpeg,0.401383638381958
tq2119hes4.jpg,0.5261146068572998
vlX8a3akCQ.jpg,0.6412291526794434
LGpYu8rpXI.jpg,0.4961724281311035
dBLGQ6Olza.png,0.16927250623703002
fObpfVEayO.jpeg,0.40984411239624025
01a7MiLURN.jpg,0.5074534893035889
GhGndMUiX8.jpg,0.3351503610610962
7AfxioqHeM.jpg,0.5452573299407959
VUlSUkWiyP.jpeg,0.36010663509368895
idymabKBqw.jpeg,0.35178346633911134
runm54HtOv.jpeg,0.6531877517700195
PeF309IEwx.jpeg,0.46505184173583985
PLAHaBiPNt.jpg,0.6995148658752441
cIDdlmPVJZ.jpeg,0.3232180118560791
somuqUAAiw.jpeg,0.5172096252441406
aLexotfuq7.jpeg,0.32439842224121096
Qt1fGUB0Vz.jpeg,0.5522527694702148
uS8D3A2MM2.jpg,0.45040149688720704
uDsZd5MkPi.jpg,0.6171706199645997
F3wRJaew5B.jpg,0.6156775951385498
wCtgGW3hJY.jpeg,0.385728645324707
Y23lGLBtsM.jpg,0.4871849060058594
A77zy0E8zG.jpeg,0.48563761711120607
tzbqbfhZ24.jpg,0.6099895000457763
Qrme6EUmL1.png,0.21207993030548095
EFDbPdC2CP.jpg,0.5797917366027832
C6F1TgBtUF.jpeg,0.4128711223602295
stnTly7c5e.png,0.26789796352386475
9341qRzJ4A.jpeg,0.5568957328796387
86jSqrnfva.jpeg,0.5125772476196289
8ms202sbDT.png,0.2577324628829956
WbO0YH0Lac.jpg,0.6506698608398438
D7LY2RHjVg.jpg,0.6468273162841797
SoAtaAV8yp.jpg,0.6198016166687011
l2jN03h9JX.jpeg,0.429517936706543
Z6VytDZI9O.jpg,0.20267045497894287
Irh8HGAQ4F.jpeg,0.5083991527557373
7X0wmQ6C64.png,0.3649683952331543
TWbUZnNsFe.jpg,0.33458733558654785
6XVjD9VLVE.jpg,0.5877642631530762
6PSRCa1kQf.jpeg,0.6034065246582031
AuLc2S4ZaQ.jpeg,0.6796327114105225
dPZhfT5WAE.jpg,0.1325007200241089
IElc1dGMVB.jpeg,0.3476762533187866
4cf5NX7gls.jpg,0.6442816257476807
oCoaNvfhwB.jpg,0.7002354621887207
wN2uwBA9lo.jpg,0.557262372970581
o91gyXlxU9.png,0.3392947196960449
7Y1gMf1Bqf.jpeg,0.6256664276123047
yOdi3ezgoC.jpg,0.5893855094909668
TaNYnes6Xw.jpeg,0.5208047866821289
rD0hgFHJUZ.jpeg,0.5521622180938721
CDfxQRTDyR.jpeg,0.3479089021682739
8vLp4DfOwZ.jpeg,0.42257299423217776
gHcH6nuIiO.jpeg,0.5154849052429199
jPPeBYfvo1.jpeg,0.33758490085601806
nBLXr0iIqA.jpg,0.42546510696411133
lAIVaYRO0p.jpeg,0.43888354301452637
3tHQHDhMT7.png,0.31504700183868406
kHrrILtrVh.jpg,0.7234127998352051
hG9nlBfDeh.png,0.25250906944274903
VtpwgLvFMY.jpg,0.6507172107696533
t7PMnBPLJN.jpg,0.47548856735229494
6XAHaOcx08.jpg,0.591968297958374
MjSOVP4B8S.png,0.2865572690963745
UMOi3lMlXH.jpeg,0.5039690971374512
0xvbLyG0L2.png,0.27353768348693847
S9QIVfiqa6.jpeg,0.6343460559844971
Cmw7rc30im.jpeg,0.36450531482696535
THaBuPtzOC.jpg,0.41825070381164553
QyT91QV9db.jpeg,0.5307374000549316
p6codywAKt.jpeg,0.4175087928771973
QjSAjqK0JF.jpeg,0.5555790901184082
l8Wtj4DGAi.jpg,0.5685730934143066
U5twC396f9.jpg,0.6392570018768311
mf3efwRMSe.jpg,0.5583473205566406
jwUhWvlrft.jpeg,0.6667603015899658
iCxXfwIZ7O.jpeg,0.44615812301635743
WLD2maLBoV.jpeg,0.5111499786376953
XD74mGRajw.jpg,0.42139582633972167
Im1rjXvPFd.jpeg,0.3421458721160889
IHSw9S145d.jpeg,0.5278873443603516
zffkE0f037.jpeg,0.46134138107299805
QnOYaKHUC1.jpeg,0.45706610679626464
slovLcOAFi.jpeg,0.513422966003418
FXmcq8mZeg.jpeg,0.4730088710784912
M3JaPeYF09.jpg,0.6855252265930176
mWBhA3refG.jpg,0.6253800868988038
hZSQb2yPyZ.jpeg,0.5155326366424561
Sdl7CnLLg4.png,0.41345834732055664
55lnIJx3Zk.jpeg,0.5612459182739258
PdThxA9eWO.jpeg,0.5746766090393066
U8Ul634UTU.jpeg,0.4846498012542725
kDdv5KlnyB.jpeg,0.6016613960266113
2btANBozTA.jpg,0.6230679512023926
rWsZ81s18t.jpeg,0.6168832778930664
suxUWOORfi.jpg,0.6025405883789062
WaJ9lEydpP.jpeg,0.6152303218841553
z2Ti2mL2g9.jpg,0.6885471343994141
SDyptag05n.jpeg,0.38140871524810793
cBIQQR8weS.jpg,0.5603307723999024
sVex9bzrUw.png,0.2747708797454834
RLcazako6j.jpeg,0.5733180999755859
6oZMBwgraz.jpeg,0.5231135368347168
j4Rhioq7R3.jpeg,0.6859885215759277
6m0W7EHnW3.jpg,0.4439152717590332
0HBgVT0VvK.png,0.3196563720703125
qy4jI4P3ab.jpeg,0.6164542198181152
5KMVaATiNO.jpeg,0.46455559730529783
ATUUevo9CW.jpeg,0.5530439853668213
OhYbEFGS4h.png,0.33126780986785886
1SbKsroxJB.jpg,0.5263922691345215
eYjjwfVtVX.png,0.3419900178909302
HsyatThw2Y.jpeg,0.26088976860046387
TxX6S6SuyF.jpg,0.11614702939987183
raiAIeJ9tI.jpeg,0.45380373001098634
H3UD7PjvXF.jpeg,0.4365285873413086
8mtNcVjofj.png,0.1813780903816223
gG86EJUTDR.png,0.33466348648071287
qEhP2lSqSi.jpeg,0.36342835426330566
fzjDbmfHV9.png,0.3522578954696655
gBZaMCWlBH.jpg,0.5209380149841308
5Fpigyt9lT.jpg,0.4496179103851318
KhgKPv8fZ6.jpg,0.39070582389831543
yvAfSplUzZ.jpg,0.45452189445495605
Rybbz13ysJ.png,0.31187806129455564
ATcdG4qzHF.jpeg,0.61865234375
QMee73dL2W.jpg,0.4481553077697754
0p23ZQ2EJF.jpg,0.576406192779541
EuyYZ45GZo.jpeg,0.4557852268218994
1OukPqgXmV.jpg,0.5897215843200684
0Y1MAVdEa5.jpg,0.6651220798492432
tSpFPNKtKm.jpg,0.6282669067382812
rzvSl1E7Ah.jpeg,0.6586483001708985
3l1vMfoiFP.jpg,0.5964248657226563
w1FO6Q72e6.jpeg,0.46036787033081056
Z4cHEBysVe.png,0.42911605834960936
syKQzOWVCY.jpg,0.6853901863098144
Wb2I0CXlAY.jpg,0.5400774478912354
XM2hZQpQZK.jpg,0.627299690246582
MOe2Ef0ovm.jpeg,0.4470089912414551
r0aVK1ABv9.jpeg,0.5755764007568359
7lNflHcwNw.jpeg,0.42458906173706057
G7PLhKpaf7.jpeg,0.4828365325927734
Xu5A7v83eL.jpg,0.5409792900085449
fdkmeF7Bot.png,0.23337805271148682
AAYdmD7mRY.jpeg,0.6948683738708497
NZKVK8Nb4K.jpg,0.5619626045227051
2kQdv7QUTR.jpeg,0.39681057929992675
lxGLWlyFHR.jpg,0.780039119720459
t0ALW3uGB4.png,0.33715431690216063
tkov1HKkXy.png,0.2196735382080078
SnrcMd5d0M.jpeg,0.5463921546936035
ClXCmmYMS0.jpeg,0.5753303527832031
enfzBlJ1MX.jpg,0.47015833854675293
4u6PvHNe5m.jpg,0.45186238288879393
Z6IB8ApQkY.jpg,0.5020702362060547
bFowMZqnZD.jpeg,0.35887703895568845
QM1NN1CTJA.jpg,0.5053082466125488
Od3xtJ6dNP.png,0.22237980365753174
W76k9O0rH6.jpg,0.6929533958435059
y7r1HM1K7T.jpg,0.2797104358673096
aTSivuPmqy.jpeg,0.5882762908935547
UsbFbfEch8.jpg,0.6910414218902587
eraHLNPc3p.jpg,0.6230961799621582
tXU4Krg543.jpg,0.6945450782775879
3uRRhTuq3F.jpg,0.6179342269897461
fu6CS5cke1.jpeg,0.29915921688079833
fwxbex5FmS.jpg,0.5757326126098633
Hm3lGxGKf7.jpeg,0.30789785385131835
mC2ZddtooT.jpg,0.6251195907592774
yqnIz7ixRR.jpg,0.4801950454711914
3pVSKPDJkR.jpg,0.5951457977294922
3klXb0HDvL.jpeg,0.4465020179748535
j3ujTADBT9.jpeg,0.4798550605773926
3hjOXmoucd.jpg,0.7248658657073974
lyJBa6OKLn.jpg,0.5778166770935058
FJr5SkhcLk.jpg,0.6614794254302978
xaLT1anHK3.png,0.3031932353973389
SfMGtj96TV.jpeg,0.5072115898132324
JFYTRHDl1C.jpeg,0.33724117279052734
nkdfnIwTRQ.jpg,0.39037165641784666
LCukQGReGg.jpg,0.6129786491394043
Edgx1A9Ojx.jpg,0.6153626441955566
Aq3vdt4cIe.jpg,0.7710086822509765
CDw5CxAk2a.jpeg,0.3642010450363159
WLAsVwaNJs.png,0.21212689876556395
10XHHeBMkG.jpeg,0.45200223922729493
yEi4q3wAJS.jpg,0.5887811660766602
YyYfqig8Tx.png,0.15365443229675294
bE0hEOL8pP.jpeg,0.40157451629638674
VNt5dGy0N4.png,0.3299960374832153
b7bErXZ8L3.png,0.36100637912750244
GY1enBhVsI.png,0.2815016508102417
f9TyKFbNKI.jpg,0.4433302402496338
CmJVlrwbrK.jpeg,0.6133523464202881
i4bJsEjJqg.jpeg,0.5547023773193359
Oi8IeVnxeP.jpg,0.6178569793701172
KUl5yWxIqD.jpg,0.6159471988677978
n1Zg3hcHx9.jpg,0.7210010528564453
zkQZTIwPu7.jpg,0.5513860702514648
NwX7WLvgBf.png,0.27942910194396975
r8V5jWWDvk.jpeg,0.49893817901611326
NYOMKoX0pw.png,0.25906786918640134
obK7nYih7d.jpg,0.5464986801147461
s5FeMl873f.png,0.22067465782165527
1EkEeqlGtK.png,0.257955527305603
iFjOv5YePD.jpeg,0.4449589252471924
hTHqG8ly5d.png,0.2954693794250488
0xNJxKoGJl.png,0.2743187665939331
7qpbhhkzQW.jpeg,0.36179461479187014
XLEN3yCk0m.jpeg,0.513578987121582
AqMYrMn0dV.jpeg,0.5042379856109619
alXpxrAqLw.jpeg,0.5681103229522705
KLbpbsGIeJ.jpg,0.6201362609863281
Zv9n5TUHgn.jpg,0.5266690731048584
alihjnrW4B.png,0.22703828811645507
9G5hsaq7xp.jpeg,0.5551685333251953
gQ3jhTWAi4.png,0.2812382936477661
hFSPzV3WgY.png,0.3283001184463501
2gmekWzqM7.jpg,0.6806017875671386
bqbG35uw44.jpeg,0.428133487701416
WkanuO6ny2.jpg,0.7616034030914307
KB3LdgxaKa.jpeg,0.5330911636352539
iHAWY2zHao.png,0.3595369100570679
MFqZg6o9Jr.png,0.3145202875137329
Kd3kcuZb8r.jpeg,0.523293399810791
4A2ONNIbwV.jpg,0.5783200740814209
ugiledmWeE.jpg,0.5303819656372071
b3pdu9OBcM.jpeg,0.4558238506317139
qMYFA0362c.jpeg,0.5731099128723145
wEUP2or7RP.jpg,0.36049342155456543
CZKEnKo5V4.jpg,0.4135857582092285
pnLQXJ88VD.jpg,0.2773539304733276
xv99gYwP9S.jpg,0.4754961013793945
GtnsC1dIPG.jpeg,0.5606622219085693
PBq2zBnyUO.jpeg,0.543641996383667
CSxnD5UJog.jpeg,0.49700927734375
g9et74AXN0.jpg,0.6306513786315918
bdjaqqw3K5.jpeg,0.4692999839782715
D73gvWKIv0.jpg,0.4784290313720703
uu8H2Puibk.jpg,0.6827512264251709
cLU5edSTRU.jpeg,0.5881256103515625
Le0UOVOf41.jpg,0.35496585369110106
kx1uMZi0Ru.jpg,0.6304029941558837
9hqOXpYGbK.jpeg,0.28671960830688475
tkycfNGsFd.jpg,0.42243161201477053
A2knaMz6Gf.jpeg,0.6281539916992187
rgizk9GxDS.png,0.2807828664779663
owbU2PLVvj.jpeg,0.5609524726867676
oyswvMnoky.png,0.3671107292175293
Lid0LuiWiw.jpeg,0.47584962844848633
MHSOjr7dYJ.jpg,0.6852284431457519
8Jpd9SLbqd.jpeg,0.5211038589477539
wuOKS38GC7.jpg,0.3272409915924072
g0dZSTRkIf.jpg,0.6109925270080566
tSqqwFBcmM.jpg,0.6898192405700684
7YjyLkz1vY.jpeg,0.25168275833129883
gjqIwrjNq3.jpg,0.30312628746032716
4MrAeXsHPf.jpeg,0.3792760133743286
QMfvOW4uDQ.jpg,0.6302859306335449
mQDtNGPWsP.jpg,0.5598048210144043
D3QkSqB8EO.jpg,0.5865015983581543
mKbuw6UZuK.png,0.2809931755065918
fTjaitgAJa.jpeg,0.42391514778137207
loxmLg4o7R.jpg,0.7405238628387452
GY1ZAu8E49.png,0.22505929470062255
sx5Abr70yQ.jpeg,0.5422674655914307
Dd2PuFcdTh.jpg,0.5265466690063476
lBpAMEkYNX.jpg,0.6749627590179443
HxlSm6myVp.jpeg,0.6097323894500732
akmJAIlkml.jpeg,0.4607978820800781
L9MDiLU9gt.jpg,0.6847292900085449
n48BfEKsJR.jpg,0.5238095283508301
2ElVVjcp4a.png,0.16551414728164673
pWLH4oXpBg.jpg,0.523164176940918
lys4oq74h4.jpg,0.5721594810485839
ukw2yCmgGK.jpg,0.41737003326416017
OGqHhnysB6.png,0.2312382936477661
4CTRMzDhq9.png,0.3810624122619629
OjINF5uRTi.jpg,0.541438627243042
FPEBbBPzss.jpeg,0.4165675163269043
IVchzEEiNL.jpeg,0.48783063888549805
gHRy7yguni.jpg,0.5162464141845703
j5DzhXZxrM.jpeg,0.4880230903625488
AS88fqPK2c.jpeg,0.41516799926757814
GlCM46RGQ0.jpg,0.40390501022338865
Ky7mmW6MRh.jpg,0.2704495906829834
ToBJnsMRaP.jpg,0.4367711067199707
DcSippvzJd.jpeg,0.4236457824707031
n8lZoBzS4M.jpeg,0.4853938102722168
z2FA0VNrQS.jpg,0.6691140174865723
60vlAeIWzQ.jpeg,0.4306649208068848
noKeCJSBpq.png,0.271010160446167
gU0szCOXv8.jpg,0.5211619377136231
c4RM6zDGCT.jpeg,0.5885426521301269
EFlTRE3D25.jpg,0.6141791343688965
JPSmOZOi5p.jpeg,0.6954146385192871
HncXc1mNlp.jpeg,0.5630955219268798
9T9khG03pR.jpeg,0.5383201599121094
uyQOYoZvoi.jpeg,0.41445226669311525
c27aB9lHNS.png,0.353831148147583
ybYLDGKbgT.png,0.2981082916259766
X2knsXM9q5.jpg,0.6367524147033692
wOPwFzuhwy.jpg,0.5575411796569825
jsDgSkC2Jk.png,0.1831374168395996
4ne2OyoWkB.jpeg,0.4504289150238037
4N2MbadieU.jpg,0.23304500579833984
iLx5LgVAmV.jpeg,0.5821838855743409
FOsftRa2at.jpeg,0.5308633804321289
SnqrAkeuoR.jpeg,0.4937324523925781
MnwUx6wm9M.jpg,0.674359130859375
EWDklDZvIW.jpeg,0.42622861862182615
MZNLYUxh7N.jpg,0.6313396453857422
779rgX9DUO.jpg,0.6904642581939697
TXWcXsPSLs.jpg,0.5306119918823242
BI4OMtn1TV.jpeg,0.45900583267211914
G8TmIU0ZoA.jpg,0.7104748725891114
k0n8ADLeaf.jpeg,0.6170641422271729
74w54BCnc6.jpeg,0.44649782180786135
mUBXso6Wy3.jpeg,0.5575839042663574
5zgwAc5vfr.png,0.3796387672424316
GYKqyj0eOA.jpg,0.5853245735168457
e4sZPgO0NN.jpeg,0.47349748611450193
320dtg2GLo.jpeg,0.5822685241699219
EZcegF8TCU.png,0.2919278621673584
LVr2HyD1Ue.jpg,0.560146427154541
azT1BfFdeX.jpeg,0.496950626373291
6Nq1zPhhAX.jpeg,0.4986413955688477
uIh17y1b41.jpeg,0.4854099273681641
Q0W9EXQsAB.jpeg,0.608759880065918
OUhMvnCimW.jpg,0.6172679424285888
bUBa6ZcQqo.jpeg,0.6541265964508056
Na9Iaixcmz.png,0.3318542718887329
dVnE6Pp4Sg.jpg,0.48873653411865237
fGxTW1I3sr.jpg,0.48967275619506834
T5Ar4tqKgo.jpg,0.5536611557006836
veiMOrSUGs.jpeg,0.3519758224487305
obsPopKS20.jpg,0.6296715259552002
QaKVldBZL5.jpg,0.2741002321243286
IKKQy2RDjD.jpeg,0.7067367553710937
5vu47nrtFa.jpg,0.6569355487823486
YoxRXzmmn1.jpg,0.5251304626464843
XHEOL44Cs0.png,0.48041410446166993
66ImTvLigX.png,0.2836746692657471
vgxjsxFggl.jpg,0.6598505973815918
NoYKQpIabj.jpg,0.1791908025741577
fdoXFjIp4W.jpeg,0.5693401336669922
ZMFZBjNDmu.jpeg,0.5179907321929932
4JpqZjF2xb.jpeg,0.6421597480773926
pDQKpV3lsI.jpeg,0.49996109008789064
spBVoJtawY.jpg,0.5477980136871338
aBkArc3xSO.jpeg,0.29054689407348633
s1BvnspFVf.jpeg,0.34439427852630616
sWi8BPaL3Z.jpeg,0.5132656574249268
DuwXCNmeMx.webp,0.09085910320281983
QQaDYoaFUi.jpeg,0.4963125228881836
2AzXYu2TvU.jpg,0.6311188697814941
nR4yq7E0SV.jpg,0.5225660800933838
P5mHVyV1DV.png,0.3342007875442505
e8aG99OkLp.jpg,0.6054490089416504
fZLTgs2fMF.jpg,0.6287784099578857
634ZsaNjNZ.jpeg,0.5095024585723877
C8T3yloQvy.jpeg,0.6153599739074707
EcZf31BpeO.jpg,0.24357705116271972
jsCvbsKj7U.png,0.30555412769317625
CJGLVztRU0.jpg,0.6257115364074707
EHC1kBFCRk.jpeg,0.40406408309936526
hNuTmRMco6.jpeg,0.5399673461914063
3l0Kznxy3p.jpg,0.5154908180236817
vJFgJfGqEQ.jpg,0.5043900012969971
pDB2S06L2V.jpeg,0.5898902416229248
xzm6TZFU04.jpg,0.6056486129760742
ieCXBPlp5Z.jpeg,0.5353848457336425
pF6BFZO5Fw.jpeg,0.43299503326416017
4ctMlSzRfJ.jpg,0.5967598915100097
jMGSpCHJdi.jpeg,0.5396671295166016
Gr75QWtsCR.jpg,0.43542280197143557
4gaJXSHrCV.jpg,0.45563583374023436
iXYJUSH6uo.jpeg,0.4196514129638672
AlzRudTj0X.jpeg,0.6022930145263672
k6mrmtm0W6.jpeg,0.6175822257995606
XRfIBRyVPV.jpg,0.4858540534973145
fTkVum7jlA.png,0.18199394941329955
HZbwaJPieG.jpg,0.6422779083251953
38S6kcmOx0.jpeg,0.4189937591552734
Re3PoOMCoB.jpeg,0.5625815391540527
WeXQa3x0RV.jpg,0.5471567630767822
9OypeSAszh.png,0.2889727592468262
NocroQaKBz.jpg,0.6145620822906495
COOgbwqwai.jpg,0.6198394775390625
EF4R5smXyM.jpg,0.6299518585205078
4gs1qXgRcE.jpg,0.5919731140136719
kQi4qhViVx.jpg,0.5151739597320557
aswigVM1HQ.jpeg,0.560893440246582
HmlE9CeaPQ.jpeg,0.5404032707214356
Zx8GAhtKvo.jpeg,0.48024859428405764
VQ7b5VWu6d.png,0.29056122303009035
LMDf0hlvgK.jpg,0.635136890411377
0XbpHcAqVo.jpg,0.5377009391784668
tpLtfXAyYL.jpg,0.48388328552246096
BhA8T8Ij32.jpeg,0.3695466756820679
ukdZTFs7vA.jpg,0.40088939666748047
v5meeRf65i.jpg,0.6390022754669189
Xh11iYy7nj.jpg,0.5266308307647705
JdBunFjo7U.jpeg,0.48935661315917967
82kaPlcfzL.jpeg,0.6649209022521972
mnxn1ev8T6.png,0.2727365016937256
ntmqRqFrQq.jpg,0.41560044288635256
h9j4Oc7vec.jpeg,0.5758578777313232
UypWbpyh6G.jpg,0.5524733066558838
tgbESJpo8D.jpeg,0.5812265396118164
HAg00ysJcR.jpg,0.6043001174926758
I4zUha5aN2.png,0.3160961151123047
sgQvpUG9d7.jpeg,0.581659984588623
XJ6DkpjFHi.jpg,0.3812874317169189
YepW3siOzg.png,0.23419637680053712
dgVmH49lL4.png,0.31430935859680176
WCJPeZJVJc.jpeg,0.4765458583831787
RV7Sclmyfx.jpeg,0.42502169609069823
1fTEAJtDVV.png,0.20106167793273927
AgUBOSvFTu.png,0.20925683975219728
tpKJy4JPml.jpg,0.5252455711364746
vgAEXMl567.png,0.31259784698486326
PszpR5VdTy.jpg,0.49101648330688474
y7FJJHZkxa.jpg,0.5512496948242187
IbVHYOus3N.jpeg,0.4205745220184326
IOrgbz0eFO.jpeg,0.561216163635254
11ynarQSJR.jpeg,0.5913456439971924
3S9QRP9lrW.png,0.2158750057220459
fPowDyaVsI.webp,0.420749568939209
1SpY0mm8ER.jpg,0.6320863723754883
GGNJGXJr3C.jpg,0.20920250415802003
6dHVCgN4mZ.jpg,0.46088876724243166
aDi9fbfovp.jpeg,0.27070226669311526
zYKWQZdgyq.jpeg,0.6136264324188232
VECsvGAENO.jpeg,0.45096445083618164
KIGQgccFax.jpeg,0.4820408821105957
1zbJmNnEVA.jpg,0.3863386631011963
qyi0KvhE5r.jpeg,0.6294537544250488
kGRQh7SCgk.jpg,0.5937933921813965
5EkqDv1B40.jpg,0.6202536582946777
NGPuyFn7Vc.jpg,0.7013943672180176
1pk6ENWNVj.jpg,0.4960455417633057
5OLEMF4MKK.jpg,0.676695728302002
RHcLEwNMM6.jpeg,0.6588002204895019
HTdHSTewXP.jpeg,0.6486054420471191
LZmGmuJccG.jpg,0.5082305431365967
KekmYbGRDK.jpg,0.5567800521850585
vJnYLa7uzC.jpg,0.5876128196716308
4WttkkfYoD.jpg,0.25678513050079343
ktjNsAiHpS.jpg,0.5868997573852539
07aHL0dVg4.jpg,0.527970838546753
oIBb6MhEJJ.jpg,0.6633966445922852
wECx4jTch5.jpg,0.623963737487793
O8CO8x6gFr.jpeg,0.3571707010269165
y7JjalA9HD.jpg,0.40505342483520507
x2LLfWdmJH.jpg,0.7427729606628418
2ap0mXNKe7.jpeg,0.4357186794281006
ARLEk82e3O.jpeg,0.36055018901824953
BfDz2FjZVb.png,0.29239840507507325
yE4nT85ZOC.jpeg,0.5908032417297363
wnAu8nEk6O.png,0.31086158752441406
y5MKjpbOzM.jpeg,0.39371213912963865
bmsOUDEAeF.jpeg,0.6257597923278808
YuIhtt5Ckh.jpg,0.5630668640136719
wN3edurSXP.jpg,0.6171916007995606
BrNEvRNpPu.jpeg,0.532003116607666
szw91TvQcH.jpg,0.5014517784118653
JJKQkwhnAS.png,0.2854574680328369
5ub2eoY4gg.png,0.19832712411880493
KcF54OlWy6.jpeg,0.44991674423217776
zdhfR1xFqw.jpg,0.6076306343078614
TrNqz5ZWHk.jpeg,0.5196068763732911
3les7iu9tF.jpg,0.548591423034668
BKrMHLaxSj.jpeg,0.5342697143554688
V0gAZ20woX.jpg,0.6252329349517822
EYiAJ0kqN3.jpg,0.4893272876739502
a9WGXGKAs7.jpeg,0.5622752189636231
IJRlDK47kJ.jpeg,0.3752452850341797
Q9JbpjHZVU.png,0.2938091278076172
exoYLWJiSX.jpg,0.726399278640747
MG6wkm5NpZ.jpg,0.5852819442749023
yzNFvptYpa.jpg,0.5406031608581543
XWaH9WTByK.jpg,0.5894437789916992
BOdu5YfzLK.jpeg,0.4941118240356445
b3pWNgXSBm.jpeg,0.48582892417907714
erbYsFaVFQ.jpg,0.5244071960449219
0XftCQbfAl.jpg,0.6057559013366699
62WUXG7gHH.jpeg,0.5125126838684082
wDQeBKRNHS.jpg,0.27080440521240234
3CwnBMp1Gw.jpeg,0.5410658836364746
DKTCw4QlTQ.jpeg,0.5451796531677247
EcddhOUJfv.jpg,0.30545156002044677
kqNd1OPEkG.jpeg,0.4518782615661621
NogwPuLzK2.jpg,0.552816104888916
mjtD6kiGK6.jpg,0.5121973991394043
LVJka7br0Y.jpg,0.5506600379943848
9QZY5ktNH8.jpeg,0.5848299980163574
oGECKjTj5S.png,0.3278717756271362
BPvM33iYku.jpeg,0.2655694246292114
zhUA2o5VCK.jpg,0.44095511436462403
ViPjW6uNay.jpeg,0.44597301483154295
zvPH6cadBG.jpg,0.5843692779541015
hj9GKe87WJ.jpeg,0.4469512939453125
QMXcln144D.jpg,0.30713691711425783
Evqceu1tnm.jpg,0.6203226566314697
kM4nBorZXr.jpeg,0.5932459831237793
SDh7uBHBv9.jpeg,0.5129101753234864
J3KSrDigpT.jpeg,0.49407291412353516
PslIQaYCtM.jpg,0.2632925510406494
tIdqUq0C7P.jpg,0.40718894004821776
b7WcdEakJm.png,0.22388725280761718
i9p0YOdPeN.jpeg,0.44644641876220703
sCrhcP5vt9.jpeg,0.3919682502746582
yN9HCAYsJ9.jpeg,0.4892099380493164
CO6z95YVg1.jpg,0.4804192066192627
4cxngwaGVc.jpg,0.2849928379058838
KcBuDaKBp9.png,0.3375433921813965
aY5jOLSJ8F.jpeg,0.48900589942932127
4Nky9ffHOD.jpg,0.7195228576660156
PT35KqArdV.jpeg,0.5552488327026367
0u6xl8a5cQ.jpg,0.6296592235565186
KV6DkDeooX.jpg,0.5504621982574462
yqnYmfrOgr.jpg,0.4085819244384766
78suVpzL5Y.jpeg,0.3563504695892334
WIW6YbGhg0.jpg,0.4104612827301025
vvBXYOFZXJ.png,0.36312212944030764
fQkGDiu57V.jpg,0.6197548866271972
pNKX256vBV.jpg,0.5282490730285645
DFGCdNhYcI.jpg,0.48807759284973146
HB2iZDv8M5.jpg,0.6556473731994629
oMi7JMqIAo.jpeg,0.6585362434387207
c48kSfkm6c.jpeg,0.47076120376586916
C3vFHT3dJX.jpeg,0.6039205551147461
Vtmc2ZLAJW.jpg,0.49577865600585935
sSsAdmVolf.jpg,0.46590843200683596
DEUkeefz6Z.jpg,0.5731224536895752
fQCY5n2vcF.jpg,0.6363375186920166
mjLp4pk6QQ.jpg,0.6607715129852295
cPPJp9sy8R.jpg,0.5483001708984375
0XXH9LDP1C.jpg,0.6500839233398438
QC7kQJVWFN.jpeg,0.2443446159362793
T9fXjUnowa.jpg,0.45538973808288574
O0ujPEaFzA.jpg,0.5097251892089844
jxiwyGuGPh.jpeg,0.49674649238586427
FAAdmGG4mu.jpg,0.49336066246032717
RtEckZHQVa.jpeg,0.4977991580963135
dTW5Jn1Jep.png,0.20895829200744628
fiHQrVWkVd.jpg,0.21511096954345704
x6ZV4ldFHN.jpg,0.6479166984558106
BOFtxEERkV.jpeg,0.3180092811584473
2JIT8z2E5o.jpg,0.6301409244537354
Zy1bvzggtM.jpeg,0.5555180072784424
TnOHYZiXgV.png,0.28378584384918215
jx0e5Brhg4.jpeg,0.4057465553283691
rWseV8Bi33.jpeg,0.49199347496032714
rnam2h4Po7.jpeg,0.26718645095825194
pat6BiBBDq.jpeg,0.3711572170257568
Eq3inyblBg.jpg,0.23604085445404052
GFwHUhyK5j.jpg,0.5749590873718262
PNMuZvXKRl.jpeg,0.5017702102661132
nHUTP7JgYL.png,0.2675197124481201
hsi5VQCo2d.jpeg,0.46935482025146485
VgN9HsbES0.jpg,0.5158262252807617
G8anuBbbST.jpg,0.5976657867431641
bA59ZmbX8n.jpeg,0.5708267211914062
lRo0zTx8q8.jpg,0.5398933410644531
M4RvUOKIgh.png,0.2929673433303833
7lJVBVWVJt.png,0.3209952116012573
wutCTeTrHB.jpg,0.5324005126953125
XtO2lirngs.jpg,0.4229677677154541
vNmGmgOuv1.jpg,0.656096363067627
Ssmq7p5F7F.png,0.3326683759689331
jFHjcRbY6g.png,0.2553585052490234
jZgC3H9Oq3.png,0.2868170738220215
oSNqvC10nf.jpeg,0.6556975841522217
DAKeCXgkB5.png,0.23679533004760742
yTBFUappae.jpg,0.5412730216979981
Swl9JuME45.jpeg,0.49954657554626464
RekQa0ujSU.jpg,0.5340766906738281
YElcD45nqg.jpg,0.1758922815322876
R4bsfTUi4a.png,0.22375824451446533
inKBz1uX43.jpeg,0.5729918956756592
0tgKOJ2YcL.jpg,0.6308777332305908
Y51jRsRtz0.jpeg,0.45086941719055174
my3g77ipYu.jpeg,0.3786186695098877
aBjkLjcOgo.jpeg,0.4442743301391602
DXXclBqhgi.jpg,0.48937320709228516
3O56VrWTiW.jpg,0.5767957687377929
rrz0cIEuFz.jpeg,0.5009795188903808
uSQl510nHj.jpg,0.33253045082092286
lKekKSEByN.jpg,0.5014585494995117
zB2eqtcAiN.jpeg,0.41311235427856446
BAlIxpkC8B.jpeg,0.3959980487823486
U65B8xP9lr.jpg,0.22099642753601073
V1ySs73ruH.jpg,0.6303246498107911
tWDxYf5p6g.jpg,0.6450771808624267
U1x8LfHISh.jpg,0.6530949115753174
rMjkx1xgei.png,0.2630580425262451
IimV4wxGpV.jpeg,0.4406456470489502
J9X8bPMCqb.jpeg,0.19659085273742677
vNBUobM5pi.jpg,0.18931989669799804
05q5J7VWr4.png,0.31666204929351804
IKJzSa0UHc.jpeg,0.6820137023925781
TuOgaJkenX.jpg,0.44983491897583006
n4UUdJMSOB.jpeg,0.6972826957702637
JUnfJDRUpD.jpeg,0.6019933700561524
G8bEbt2UtN.jpg,0.6670907974243164
mtGDHzTMZ3.jpg,0.5345481872558594
HK4MIOefRQ.jpeg,0.5254373550415039
9kC092bhee.jpeg,0.47196006774902344
11kFDwoijA.jpeg,0.4360222339630127
3pMc2cHBCF.png,0.29085750579833985
cOMTanIs5k.jpg,0.6916818618774414
r1hgjBm8Lg.png,0.20466127395629882
qu9Fy9JSTI.jpeg,0.5266625881195068
bKtwCN3OsO.jpeg,0.5391788959503174
T1ZGGXHAi1.png,0.3551619529724121
noHUCtcMzE.jpg,0.6344879627227783
DSThNiuGVc.png,0.2612617015838623
HzVnNHaez5.jpeg,0.4733121871948242
opqMHZzgyY.jpg,0.528226089477539
5bg53Vy0DI.png,0.29638237953186036
TevFHDsqVC.jpg,0.6890161514282227
JiOLnPdtqs.jpeg,0.5576067924499511
l8wNkOkwW4.png,0.3069329738616943
ZZdypQnzdW.jpeg,0.5393037796020508
MxJT9m7WoJ.jpg,0.505931282043457
am0fhckwjz.jpeg,0.5232162475585938
zbKUJmcogp.jpg,0.41964187622070315
8wBHB2TVx4.jpeg,0.6002042770385743
YuqZuU3HK3.jpg,0.4958465576171875
OskXDhDTRl.jpg,0.4424098014831543
vpAXmpIAOz.jpg,0.511384391784668
9bcxdKukar.jpeg,0.46160073280334474
mpZG4yKb9S.jpg,0.4603853702545166
kUMXlVYVJf.jpeg,0.4618546485900879
bqodLX6Y71.jpeg,0.6141804695129395
Swh4hQbQo8.png,0.30348806381225585
NBk591Rv7Y.jpg,0.40944957733154297
QpkyRvBHst.jpeg,0.3544758796691895
YL2iLPQAgZ.png,0.28223228454589844
foc9dLx6I4.jpg,0.6022281169891357
IUENvk2AnW.jpeg,0.5019564151763916
ub5lVsjAxx.jpg,0.6857584953308106
aleXj7h7JP.jpeg,0.44825544357299807
THSjvgUaeT.jpg,0.5891069889068603
2LcsWzKuIZ.jpeg,0.46306657791137695
KLUopMu1Kq.jpg,0.5109430313110351
RF3Yg9rReY.jpeg,0.346269416809082
cWcWKtlJFu.jpeg,0.6067502975463868
oMjSqFhrcP.jpg,0.4021452903747559
rMmaLNhmil.jpeg,0.39679694175720215
vbwUxS8EX7.jpg,0.5177781105041503
BrMnOYrGd4.jpeg,0.5369585990905762
q5VmrSOTMG.jpg,0.6233232498168946
SWJPmWsog8.jpg,0.317824649810791
ZDksdaao66.png,0.18871693611145018
9G5182hQ9P.jpeg,0.5785367965698243
dd0HhEDrcT.jpg,0.7116337299346924
l0LDLTYuqp.jpg,0.4004181385040283
F7rwT5OHn3.jpg,0.7827515125274658
C7rJv18MLh.png,0.24892592430114746
Pceu9djjoa.jpeg,0.4282060146331787
qo95zUhnvX.jpeg,0.6349263191223145
YDhCcUuyLk.jpg,0.499755859375
Qj7yxKzkLl.jpeg,0.6442967414855957
Z6Eg0yXNzB.jpg,0.5520018100738525
vlFPIY8Vx7.jpg,0.6465453147888184
exGhKvLHsb.jpg,0.5464260101318359
dwWp9wUeWR.jpg,0.22184414863586427
YV7CIiiNTh.jpeg,0.36719317436218263
ikBfnFWbSk.jpeg,0.6466555595397949
K8P3Gl55QT.jpeg,0.4763049125671387
vbKCzNzfnU.jpg,0.5390538215637207
2RpYfQMRV6.png,0.25827393531799314
PRNeuSQb0B.jpg,0.6168866157531738
jsHQjucRoh.jpeg,0.47968077659606934
E8uQEn4Nq6.jpg,0.5774126529693604
ukviRKvx5k.jpg,0.6082490921020508
nch7yxF3lI.jpeg,0.39895823001861574
Brvm2iKZJL.jpeg,0.4749927520751953
ONqK074JI8.jpg,0.5153106689453125
nGVDwwAZzb.png,0.2446577548980713
CJJ5WO9GJi.png,0.32779731750488283
2J0b7E43b7.jpg,0.5531239032745361
527qjeZfRT.jpeg,0.48043022155761717
SH9lhXCQcc.jpeg,0.6400096893310547
cmHN8qXUKm.jpeg,0.5553261756896972
SMp2FGHS5D.jpeg,0.3408085346221924
Z2MsRSxX8V.png,0.34695258140563967
uJEZxROH3V.jpg,0.7811211585998535
TGOI46jQzW.jpeg,0.5811786651611328
7nsMqXTbX4.jpg,0.5558837413787842
VgQtreVJVw.jpg,0.649692153930664
zYGRpPCsTX.jpeg,0.6074508190155029
DOP1nohfMI.jpg,0.67539963722229
W0ype6ZFgW.png,0.1673256278038025
D2slt7OCFq.png,0.14899897575378418
mZxW0sXDiR.png,0.42740654945373535
HAYIytUk78.jpg,0.34788990020751953
NKQzSdzCcJ.jpg,0.6421198844909668
1ze3A5DKZC.jpg,0.686322546005249
gmuy5DY56U.png,0.2516291379928589
sVtvnZoKqc.png,0.3103203296661377
5vcMFiT4Ar.jpg,0.560829496383667
yXApLKwCpS.jpeg,0.4491544246673584
dG8E3nEAAn.jpg,0.4197500705718994
vjd0FDSRNQ.png,0.33783512115478515
K4873kXvtH.jpeg,0.6002025604248047
U6jj9sNJLI.jpg,0.3304842472076416
JdSMlKmNHE.jpeg,0.30039548873901367
xZMbkaJjau.jpeg,0.4670112133026123
7vSkv2ws1e.jpeg,0.5394446372985839
4DeuZpVM3V.jpeg,0.4121148109436035
Uo2zzuFqMf.png,0.2263943910598755
cBtoC3jcIb.jpeg,0.563164472579956
2WyeWbaZ2z.jpg,0.5803221225738525
3T9AhK4kL7.jpg,0.6125472068786622
zms4pGcmAp.jpg,0.7221794128417969
enth8MGCce.jpg,0.7071763038635254
VKUFLao8T6.jpeg,0.44094161987304686
TVJ4V2xpWX.png,0.23115038871765137
KLXI9xe7Ot.jpg,0.4564048290252686
GPB1ne0XeA.jpg,0.5151014804840088
cnNJi23eLr.jpg,0.5927214622497559
IszVFL8fES.jpeg,0.6221435546875
cycwIcNK4L.jpeg,0.38145880699157714
UwJoB9RDq8.png,0.30918207168579104
9rMGYxyOAA.jpeg,0.6030385494232178
TkFl08lXhX.jpg,0.6466928482055664
iGsBpsOaog.jpeg,0.3860952854156494
zff4lT6JFx.jpeg,0.4535165786743164
TDXFRPkZXr.jpg,0.6108247756958007
PVqAFeoXcj.jpg,0.4633382797241211
UC6SOqGSWS.jpg,0.7161304950714111
QUISUhn6zi.png,0.295610237121582
IiEdwB65YF.jpeg,0.5787723541259766
6m1HOwy61X.jpg,0.5982008934020996
W0ElnH5ug1.jpeg,0.37771217823028563
gbukn9kH0l.jpeg,0.4054095268249512
hUnXgo2dLh.jpeg,0.6250132083892822
LGbhsd0OxW.jpg,0.6330541133880615
d8rIVmv0JI.jpg,0.6668240547180175
YaDv6D8M00.jpg,0.550957202911377
nx4xO098zU.jpeg,0.4435417175292969
edncsqQGsw.jpeg,0.4609055519104004
linasecRgv.jpg,0.5928091049194336
gUHpqaoPju.jpg,0.4486799716949463
BEeMouBbFb.jpeg,0.5160301685333252
ErrxZIPAF4.jpg,0.4361692428588867
iaHjqTfeOx.jpeg,0.46172389984130857
6pIT0CMb4Y.jpeg,0.3166569709777832
rMnUsF85Uf.jpeg,0.4734926223754883
6F4zUTfObg.jpg,0.5164752960205078
v0Wq0lK3JM.jpeg,0.39778549671173097
8zxm1spQ6f.png,0.25670576095581055
SwmppnDnFv.jpeg,0.36317014694213867
h8ftnywbzf.png,0.2550963401794434
82nuz7VlCN.jpeg,0.3148477792739868
PLRgcLVfz2.jpeg,0.5076430797576904
SWv7l11NPR.jpg,0.6219832420349121
Jm1bwQmyh7.jpeg,0.642673397064209
JBKIyiD2z0.jpeg,0.5311271667480468
dKM0fJbQh6.jpg,0.6630067825317383
woxD88YuKw.jpg,0.6014925003051758
S3UUtHJB6Q.png,0.27586026191711427
ZfytDIZtJO.jpg,0.2358936309814453
iiaGwIyRet.png,0.2594621658325195
w1BdaGwIz9.png,0.25002453327178953
CqeOg53NLs.jpg,0.315325665473938
3KsKJ5p8Ae.jpg,0.5297939300537109
s1TNQxX50Z.jpeg,0.37164950370788574
DgcFF2JtAZ.jpg,0.5995850563049316
9RcLqe8IL0.png,0.3196920394897461
WCJ6qo4EkC.jpeg,0.3207552433013916
3YMwaR2miM.jpeg,0.27633211612701414
Ieu7Uk7kXL.png,0.34423372745513914
hF1vM2Z5Ya.jpg,0.35962212085723877
d6u94U7F5R.png,0.24769585132598876
Qn6h9PKkcK.jpeg,0.5701540946960449
JrzrVJyZW7.png,0.4047396659851074
qf31p5XrLJ.jpeg,0.5051971435546875
KYfswZLE5F.jpg,0.6548881530761719
RxzQurNvcC.jpeg,0.5861195087432861
vmKQgidDXs.jpeg,0.32651169300079347
2hDg6Ch6Lq.jpg,0.5243453025817871
JhEeizwPgU.png,0.31639235019683837
qZ3IoxD2TE.jpeg,0.661723279953003
5Mk5pJbr6T.png,0.29669342041015623
NiKtQgi4SL.jpg,0.6419437408447266
A6MWl9m7VU.jpeg,0.381360125541687
ZIV8sRrdx6.jpg,0.5994448661804199
3lWaEJWKUW.jpg,0.605031681060791
PFDZcCv9Ku.jpg,0.47948346138000486
ztBFsCnl0i.jpeg,0.342454719543457
ainT6QMK7Q.jpeg,0.47693476676940916
S9za92BJGN.jpeg,0.6682778358459472
yt9GwWtzr8.png,0.3058922290802002
N9Wa9vx2Hh.jpg,0.5699819564819336
eVopMIgNuG.jpg,0.5738953590393067
msQKOQJ2Kn.jpg,0.5453152656555176
ai5B7LKlx6.jpeg,0.6517621517181397
ZXNUZqQabf.jpeg,0.386170768737793
paKEDsI1Tt.png,0.16478500366210938
2uHjr9R2CS.jpg,0.5747813224792481
1q6oCmvcu3.jpg,0.6096429824829102
WRNIGbD9gL.jpg,0.5082719802856446
EvgznbBrTi.jpeg,0.3211579084396362
WIF4cYvBMH.jpg,0.548748779296875
